"name","country","type","pair_id","lat","lon","month","month_name","avg_temp_max","rainy_days_pct","avg_sunshine_hours","comfort_score","good_month"
"Goa","India","famous",1,15.49,73.83,1,"Jan",31.2,7,10.6,93,"Yes"
"Goa","India","famous",1,15.49,73.83,2,"Feb",32.3,1,11.0,92,"Yes"
"Goa","India","famous",1,15.49,73.83,3,"Mar",32.7,4,11.3,89,"Yes"
"Goa","India","famous",1,15.49,73.83,4,"Apr",32.6,5,11.7,89,"Yes"
"Goa","India","famous",1,15.49,73.83,5,"May",31.9,45,9.9,75,"No"
"Goa","India","famous",1,15.49,73.83,6,"Jun",28.7,93,6.9,55,"No"
"Goa","India","famous",1,15.49,73.83,7,"Jul",27.1,99,4.1,46,"No"
"Goa","India","famous",1,15.49,73.83,8,"Aug",27.6,93,7.5,57,"No"
"Goa","India","famous",1,15.49,73.83,9,"Sep",27.6,89,8.1,60,"No"
"Goa","India","famous",1,15.49,73.83,10,"Oct",29.7,64,9.6,73,"No"
"Goa","India","famous",1,15.49,73.83,11,"Nov",31.7,26,10.2,84,"No"
"Goa","India","famous",1,15.49,73.83,12,"Dec",31.8,7,10.1,91,"Yes"
"Gokarna","India","hidden",1,14.55,74.32,1,"Jan",31.7,5,10.6,92,"Yes"
"Gokarna","India","hidden",1,14.55,74.32,2,"Feb",32.6,1,11.1,91,"Yes"
"Gokarna","India","hidden",1,14.55,74.32,3,"Mar",32.8,8,11.3,87,"Yes"
"Gokarna","India","hidden",1,14.55,74.32,4,"Apr",32.7,23,11.4,81,"No"
"Gokarna","India","hidden",1,14.55,74.32,5,"May",31.5,56,9.3,71,"No"
"Gokarna","India","hidden",1,14.55,74.32,6,"Jun",28.1,96,5.7,51,"No"
"Gokarna","India","hidden",1,14.55,74.32,7,"Jul",26.6,99,3.1,43,"No"
"Gokarna","India","hidden",1,14.55,74.32,8,"Aug",27.4,94,6.8,54,"No"
"Gokarna","India","hidden",1,14.55,74.32,9,"Sep",27.5,93,7.6,57,"No"
"Gokarna","India","hidden",1,14.55,74.32,10,"Oct",29.9,77,9.3,67,"No"
"Gokarna","India","hidden",1,14.55,74.32,11,"Nov",31.8,31,10.0,81,"No"
"Gokarna","India","hidden",1,14.55,74.32,12,"Dec",32.3,10,10.2,88,"Yes"
"Manali","India","famous",2,32.24,77.19,1,"Jan",9.7,57,7.9,37,"No"
"Manali","India","famous",2,32.24,77.19,2,"Feb",10.2,69,8.3,34,"No"
"Manali","India","famous",2,32.24,77.19,3,"Mar",13.7,54,10.0,56,"No"
"Manali","India","famous",2,32.24,77.19,4,"Apr",17.2,45,10.8,72,"No"
"Manali","India","famous",2,32.24,77.19,5,"May",20.8,51,11.6,80,"Yes"
"Manali","India","famous",2,32.24,77.19,6,"Jun",24.1,48,11.9,81,"Yes"
"Manali","India","famous",2,32.24,77.19,7,"Jul",24.4,79,9.4,67,"No"
"Manali","India","famous",2,32.24,77.19,8,"Aug",24.1,74,9.8,70,"No"
"Manali","India","famous",2,32.24,77.19,9,"Sep",23.2,54,10.2,78,"Yes"
"Manali","India","famous",2,32.24,77.19,10,"Oct",19.5,41,10.2,82,"Yes"
"Manali","India","famous",2,32.24,77.19,11,"Nov",15.6,38,9.8,69,"No"
"Manali","India","famous",2,32.24,77.19,12,"Dec",12.3,39,8.5,54,"No"
"Tirthan Valley","India","hidden",2,31.63,77.45,1,"Jan",7.1,32,8.4,48,"No"
"Tirthan Valley","India","hidden",2,31.63,77.45,2,"Feb",6.8,40,8.5,45,"No"
"Tirthan Valley","India","hidden",2,31.63,77.45,3,"Mar",11.9,45,9.9,53,"No"
"Tirthan Valley","India","hidden",2,31.63,77.45,4,"Apr",16.0,54,10.4,64,"No"
"Tirthan Valley","India","hidden",2,31.63,77.45,5,"May",18.4,57,11.0,72,"Yes"
"Tirthan Valley","India","hidden",2,31.63,77.45,6,"Jun",21.0,64,10.7,74,"Yes"
"Tirthan Valley","India","hidden",2,31.63,77.45,7,"Jul",20.9,92,7.8,58,"No"
"Tirthan Valley","India","hidden",2,31.63,77.45,8,"Aug",20.5,92,7.9,58,"No"
"Tirthan Valley","India","hidden",2,31.63,77.45,9,"Sep",19.6,76,9.1,66,"No"
"Tirthan Valley","India","hidden",2,31.63,77.45,10,"Oct",16.4,36,10.3,73,"Yes"
"Tirthan Valley","India","hidden",2,31.63,77.45,11,"Nov",13.2,14,9.9,70,"Yes"
"Tirthan Valley","India","hidden",2,31.63,77.45,12,"Dec",10.0,17,8.8,55,"No"
"Bundi","India","hidden",3,25.43,75.65,1,"Jan",21.5,10,9.2,94,"Yes"
"Bundi","India","hidden",3,25.43,75.65,2,"Feb",26.7,2,10.5,99,"Yes"
"Bundi","India","hidden",3,25.43,75.65,3,"Mar",32.7,5,11.3,89,"No"
"Bundi","India","hidden",3,25.43,75.65,4,"Apr",38.5,3,11.5,69,"No"
"Bundi","India","hidden",3,25.43,75.65,5,"May",40.3,8,11.1,62,"No"
"Bundi","India","hidden",3,25.43,75.65,6,"Jun",38.5,26,9.9,60,"No"
"Bundi","India","hidden",3,25.43,75.65,7,"Jul",33.0,81,8.1,52,"No"
"Bundi","India","hidden",3,25.43,75.65,8,"Aug",31.4,61,8.7,67,"No"
"Bundi","India","hidden",3,25.43,75.65,9,"Sep",31.7,51,10.0,74,"No"
"Bundi","India","hidden",3,25.43,75.65,10,"Oct",31.6,14,10.3,89,"No"
"Bundi","India","hidden",3,25.43,75.65,11,"Nov",27.8,5,10.1,98,"Yes"
"Bundi","India","hidden",3,25.43,75.65,12,"Dec",23.2,4,9.4,97,"Yes"
"Jaipur","India","famous",3,26.91,75.79,1,"Jan",20.6,8,9.3,95,"Yes"
"Jaipur","India","famous",3,26.91,75.79,2,"Feb",26.3,4,10.2,98,"Yes"
"Jaipur","India","famous",3,26.91,75.79,3,"Mar",32.1,6,11.2,90,"No"
"Jaipur","India","famous",3,26.91,75.79,4,"Apr",37.4,1,11.3,74,"No"
"Jaipur","India","famous",3,26.91,75.79,5,"May",39.2,8,10.4,65,"No"
"Jaipur","India","famous",3,26.91,75.79,6,"Jun",37.7,27,9.6,61,"No"
"Jaipur","India","famous",3,26.91,75.79,7,"Jul",33.0,72,8.5,57,"No"
"Jaipur","India","famous",3,26.91,75.79,8,"Aug",31.7,55,8.8,69,"No"
"Jaipur","India","famous",3,26.91,75.79,9,"Sep",31.7,45,10.1,76,"No"
"Jaipur","India","famous",3,26.91,75.79,10,"Oct",31.2,10,10.2,92,"No"
"Jaipur","India","famous",3,26.91,75.79,11,"Nov",27.2,2,10.0,99,"Yes"
"Jaipur","India","famous",3,26.91,75.79,12,"Dec",22.9,5,9.5,97,"Yes"
"Bali","Indonesia","famous",4,-8.65,115.22,1,"Jan",29.0,88,8.8,62,"No"
"Bali","Indonesia","famous",4,-8.65,115.22,2,"Feb",29.2,91,8.9,61,"No"
"Bali","Indonesia","famous",4,-8.65,115.22,3,"Mar",29.6,83,10.1,67,"No"
"Bali","Indonesia","famous",4,-8.65,115.22,4,"Apr",29.5,66,10.2,74,"Yes"
"Bali","Indonesia","famous",4,-8.65,115.22,5,"May",29.2,70,10.7,72,"No"
"Bali","Indonesia","famous",4,-8.65,115.22,6,"Jun",28.5,63,10.6,75,"Yes"
"Bali","Indonesia","famous",4,-8.65,115.22,7,"Jul",27.4,56,10.7,78,"Yes"
"Bali","Indonesia","famous",4,-8.65,115.22,8,"Aug",27.8,61,10.9,76,"Yes"
"Bali","Indonesia","famous",4,-8.65,115.22,9,"Sep",28.4,66,11.1,74,"Yes"
"Bali","Indonesia","famous",4,-8.65,115.22,10,"Oct",29.5,62,11.3,75,"Yes"
"Bali","Indonesia","famous",4,-8.65,115.22,11,"Nov",29.8,84,10.3,66,"No"
"Bali","Indonesia","famous",4,-8.65,115.22,12,"Dec",29.6,84,9.6,65,"No"
"Lombok","Indonesia","hidden",4,-8.58,116.12,1,"Jan",29.0,88,8.3,61,"No"
"Lombok","Indonesia","hidden",4,-8.58,116.12,2,"Feb",29.1,87,8.7,62,"No"
"Lombok","Indonesia","hidden",4,-8.58,116.12,3,"Mar",29.8,84,9.5,65,"No"
"Lombok","Indonesia","hidden",4,-8.58,116.12,4,"Apr",30.3,73,10.1,70,"No"
"Lombok","Indonesia","hidden",4,-8.58,116.12,5,"May",30.9,48,11.1,78,"No"
"Lombok","Indonesia","hidden",4,-8.58,116.12,6,"Jun",30.4,52,10.8,78,"No"
"Lombok","Indonesia","hidden",4,-8.58,116.12,7,"Jul",30.3,27,10.8,88,"Yes"
"Lombok","Indonesia","hidden",4,-8.58,116.12,8,"Aug",31.0,28,11.2,85,"Yes"
"Lombok","Indonesia","hidden",4,-8.58,116.12,9,"Sep",31.5,44,11.3,77,"No"
"Lombok","Indonesia","hidden",4,-8.58,116.12,10,"Oct",31.9,68,11.4,66,"No"
"Lombok","Indonesia","hidden",4,-8.58,116.12,11,"Nov",30.8,89,9.7,61,"No"
"Lombok","Indonesia","hidden",4,-8.58,116.12,12,"Dec",29.9,88,9.1,63,"No"
"Koh Lanta","Thailand","hidden",5,7.62,99.05,1,"Jan",30.4,28,10.7,87,"Yes"
"Koh Lanta","Thailand","hidden",5,7.62,99.05,2,"Feb",31.3,29,10.7,84,"Yes"
"Koh Lanta","Thailand","hidden",5,7.62,99.05,3,"Mar",31.9,41,10.8,77,"No"
"Koh Lanta","Thailand","hidden",5,7.62,99.05,4,"Apr",30.8,77,10.4,66,"No"
"Koh Lanta","Thailand","hidden",5,7.62,99.05,5,"May",30.0,85,9.2,64,"No"
"Koh Lanta","Thailand","hidden",5,7.62,99.05,6,"Jun",29.4,77,9.7,68,"No"
"Koh Lanta","Thailand","hidden",5,7.62,99.05,7,"Jul",29.3,73,9.0,68,"No"
"Koh Lanta","Thailand","hidden",5,7.62,99.05,8,"Aug",28.8,85,9.2,64,"No"
"Koh Lanta","Thailand","hidden",5,7.62,99.05,9,"Sep",28.5,81,8.7,64,"No"
"Koh Lanta","Thailand","hidden",5,7.62,99.05,10,"Oct",28.6,85,8.3,62,"No"
"Koh Lanta","Thailand","hidden",5,7.62,99.05,11,"Nov",28.4,89,7.6,58,"No"
"Koh Lanta","Thailand","hidden",5,7.62,99.05,12,"Dec",29.5,48,9.6,80,"No"
"Phuket","Thailand","famous",5,7.88,98.39,1,"Jan",30.3,37,10.7,84,"Yes"
"Phuket","Thailand","famous",5,7.88,98.39,2,"Feb",31.6,30,10.8,82,"Yes"
"Phuket","Thailand","famous",5,7.88,98.39,3,"Mar",32.4,44,10.8,74,"No"
"Phuket","Thailand","famous",5,7.88,98.39,4,"Apr",31.8,65,10.6,68,"No"
"Phuket","Thailand","famous",5,7.88,98.39,5,"May",30.7,85,9.2,62,"No"
"Phuket","Thailand","famous",5,7.88,98.39,6,"Jun",30.0,71,9.3,70,"No"
"Phuket","Thailand","famous",5,7.88,98.39,7,"Jul",29.8,68,8.8,70,"No"
"Phuket","Thailand","famous",5,7.88,98.39,8,"Aug",29.6,76,9.0,67,"No"
"Phuket","Thailand","famous",5,7.88,98.39,9,"Sep",29.1,80,8.2,64,"No"
"Phuket","Thailand","famous",5,7.88,98.39,10,"Oct",29.3,90,8.5,60,"No"
"Phuket","Thailand","famous",5,7.88,98.39,11,"Nov",28.9,88,7.9,60,"No"
"Phuket","Thailand","famous",5,7.88,98.39,12,"Dec",29.6,54,9.7,78,"No"
"Milos","Greece","hidden",6,36.73,24.45,1,"Jan",15.2,32,7.6,64,"No"
"Milos","Greece","hidden",6,36.73,24.45,2,"Feb",14.7,28,8.5,67,"No"
"Milos","Greece","hidden",6,36.73,24.45,3,"Mar",16.4,21,9.9,79,"No"
"Milos","Greece","hidden",6,36.73,24.45,4,"Apr",19.4,18,11.1,91,"No"
"Milos","Greece","hidden",6,36.73,24.45,5,"May",23.3,10,12.2,96,"Yes"
"Milos","Greece","hidden",6,36.73,24.45,6,"Jun",28.1,2,13.6,99,"Yes"
"Milos","Greece","hidden",6,36.73,24.45,7,"Jul",30.6,2,13.5,97,"Yes"
"Milos","Greece","hidden",6,36.73,24.45,8,"Aug",30.2,3,12.9,98,"Yes"
"Milos","Greece","hidden",6,36.73,24.45,9,"Sep",27.3,6,11.7,98,"Yes"
"Milos","Greece","hidden",6,36.73,24.45,10,"Oct",23.1,9,10.0,96,"Yes"
"Milos","Greece","hidden",6,36.73,24.45,11,"Nov",20.2,21,8.8,89,"No"
"Milos","Greece","hidden",6,36.73,24.45,12,"Dec",16.8,34,8.0,70,"No"
"Santorini","Greece","famous",6,36.42,25.43,1,"Jan",14.5,28,7.9,64,"No"
"Santorini","Greece","famous",6,36.42,25.43,2,"Feb",13.8,24,8.8,66,"No"
"Santorini","Greece","famous",6,36.42,25.43,3,"Mar",15.1,19,10.0,75,"No"
"Santorini","Greece","famous",6,36.42,25.43,4,"Apr",18.3,15,11.3,88,"No"
"Santorini","Greece","famous",6,36.42,25.43,5,"May",21.8,12,12.4,95,"Yes"
"Santorini","Greece","famous",6,36.42,25.43,6,"Jun",26.6,2,13.8,99,"Yes"
"Santorini","Greece","famous",6,36.42,25.43,7,"Jul",29.0,1,13.5,100,"Yes"
"Santorini","Greece","famous",6,36.42,25.43,8,"Aug",28.6,4,12.9,98,"Yes"
"Santorini","Greece","famous",6,36.42,25.43,9,"Sep",26.0,3,11.8,99,"Yes"
"Santorini","Greece","famous",6,36.42,25.43,10,"Oct",21.9,6,10.1,98,"Yes"
"Santorini","Greece","famous",6,36.42,25.43,11,"Nov",19.1,11,9.0,90,"No"
"Santorini","Greece","famous",6,36.42,25.43,12,"Dec",15.8,26,8.2,70,"No"
"Dubai","UAE","famous",7,25.2,55.27,1,"Jan",24.1,7,9.7,96,"Yes"
"Dubai","UAE","famous",7,25.2,55.27,2,"Feb",25.2,5,10.2,98,"Yes"
"Dubai","UAE","famous",7,25.2,55.27,3,"Mar",28.9,3,10.4,99,"Yes"
"Dubai","UAE","famous",7,25.2,55.27,4,"Apr",32.5,3,11.2,90,"No"
"Dubai","UAE","famous",7,25.2,55.27,5,"May",36.4,1,12.0,77,"No"
"Dubai","UAE","famous",7,25.2,55.27,6,"Jun",39.4,0,12.2,67,"No"
"Dubai","UAE","famous",7,25.2,55.27,7,"Jul",40.7,2,11.1,64,"No"
"Dubai","UAE","famous",7,25.2,55.27,8,"Aug",41.1,0,11.2,65,"No"
"Dubai","UAE","famous",7,25.2,55.27,9,"Sep",39.0,0,11.3,69,"No"
"Dubai","UAE","famous",7,25.2,55.27,10,"Oct",35.2,1,10.6,81,"No"
"Dubai","UAE","famous",7,25.2,55.27,11,"Nov",31.1,1,9.9,96,"Yes"
"Dubai","UAE","famous",7,25.2,55.27,12,"Dec",26.8,5,9.6,97,"Yes"
"Muscat","Oman","hidden",7,23.59,58.38,1,"Jan",24.5,6,10.1,98,"Yes"
"Muscat","Oman","hidden",7,23.59,58.38,2,"Feb",26.3,4,10.6,98,"Yes"
"Muscat","Oman","hidden",7,23.59,58.38,3,"Mar",30.3,3,11.0,98,"Yes"
"Muscat","Oman","hidden",7,23.59,58.38,4,"Apr",34.3,4,11.6,83,"No"
"Muscat","Oman","hidden",7,23.59,58.38,5,"May",38.6,1,11.9,70,"No"
"Muscat","Oman","hidden",7,23.59,58.38,6,"Jun",39.3,0,11.8,67,"No"
"Muscat","Oman","hidden",7,23.59,58.38,7,"Jul",38.1,5,10.4,70,"No"
"Muscat","Oman","hidden",7,23.59,58.38,8,"Aug",36.6,1,10.9,77,"No"
"Muscat","Oman","hidden",7,23.59,58.38,9,"Sep",35.9,1,11.6,79,"No"
"Muscat","Oman","hidden",7,23.59,58.38,10,"Oct",33.7,4,10.7,85,"No"
"Muscat","Oman","hidden",7,23.59,58.38,11,"Nov",30.2,5,10.2,97,"Yes"
"Muscat","Oman","hidden",7,23.59,58.38,12,"Dec",26.6,3,9.9,99,"Yes"
"Kanazawa","Japan","hidden",8,36.56,136.66,1,"Jan",6.4,79,6.0,23,"No"
"Kanazawa","Japan","hidden",8,36.56,136.66,2,"Feb",7.2,69,7.0,30,"No"
"Kanazawa","Japan","hidden",8,36.56,136.66,3,"Mar",12.1,50,7.6,46,"No"
"Kanazawa","Japan","hidden",8,36.56,136.66,4,"Apr",16.8,40,8.8,70,"No"
"Kanazawa","Japan","hidden",8,36.56,136.66,5,"May",20.9,43,9.0,80,"Yes"
"Kanazawa","Japan","hidden",8,36.56,136.66,6,"Jun",25.3,42,9.6,82,"Yes"
"Kanazawa","Japan","hidden",8,36.56,136.66,7,"Jul",29.9,50,10.4,80,"Yes"
"Kanazawa","Japan","hidden",8,36.56,136.66,8,"Aug",31.0,46,10.2,78,"Yes"
"Kanazawa","Japan","hidden",8,36.56,136.66,9,"Sep",27.9,50,8.9,77,"Yes"
"Kanazawa","Japan","hidden",8,36.56,136.66,10,"Oct",21.0,47,7.6,75,"No"
"Kanazawa","Japan","hidden",8,36.56,136.66,11,"Nov",15.7,49,6.9,58,"No"
"Kanazawa","Japan","hidden",8,36.56,136.66,12,"Dec",9.3,83,5.4,20,"No"
"Kyoto","Japan","famous",8,35.01,135.77,1,"Jan",8.2,25,7.4,49,"No"
"Kyoto","Japan","famous",8,35.01,135.77,2,"Feb",9.1,28,7.3,47,"No"
"Kyoto","Japan","famous",8,35.01,135.77,3,"Mar",14.1,36,7.8,59,"No"
"Kyoto","Japan","famous",8,35.01,135.77,4,"Apr",19.5,36,8.3,80,"Yes"
"Kyoto","Japan","famous",8,35.01,135.77,5,"May",22.8,42,8.4,79,"Yes"
"Kyoto","Japan","famous",8,35.01,135.77,6,"Jun",26.9,44,8.5,79,"Yes"
"Kyoto","Japan","famous",8,35.01,135.77,7,"Jul",31.7,49,10.2,74,"No"
"Kyoto","Japan","famous",8,35.01,135.77,8,"Aug",32.6,51,10.0,71,"No"
"Kyoto","Japan","famous",8,35.01,135.77,9,"Sep",29.5,48,9.0,78,"Yes"
"Kyoto","Japan","famous",8,35.01,135.77,10,"Oct",22.6,33,8.0,82,"Yes"
"Kyoto","Japan","famous",8,35.01,135.77,11,"Nov",16.8,20,7.9,76,"No"
"Kyoto","Japan","famous",8,35.01,135.77,12,"Dec",10.7,21,7.7,53,"No"
